Channel,Region,Fresh,Milk,Grocery,Frozen,Detergents_Paper,Delicassen,Cluster,,,,,,,,,,,
2,3,12669,9656,7561,214,2674,1338,2,,,,,,,,,,,
2,3,7057,9810,9568,1762,3293,1776,1,,,,,,,,,,,
2,3,6353,8808,7684,2405,3516,7844,1,,,,,,,,,,,
1,3,13265,1196,4221,6404,507,1788,1,,,,,,,,,,,
2,3,22615,5410,7198,3915,1777,5185,1,,,Cluster,,Centroid,1,2,,1,2,Dist^p
2,3,9413,8259,5126,666,1795,1451,2,,1,2,,Fresh,35401.36923,7931.47861,,829480616.8,30565262.63,30565262.63
2,3,12126,3199,6975,480,3140,545,2,,2,2,,Grocery,9514.230769,5139.775401,,929731011.2,77918282.9,77918282.9
2,3,7579,4956,9426,1669,3321,2566,1,,3,2,,Frozen,10346.36923,7536.061497,,605818089.9,79102591.36,79102591.36
1,3,5963,3648,6192,425,1716,750,1,,4,1,,Detergent,6463.092308,2490.200535,,224961619.2,245908795.3,224961619.2
2,3,6006,11093,18881,1159,7425,2098,1,,5,2,,Delicassre,2933.046154,2873.088235,,741230023.7,24328246.98,24328246.98
2,3,3366,5403,12974,4400,5977,1744,2,,6,2,,,,,,629128331.4,26084581.94,26084581.94
2,3,13146,1124,4523,1420,549,497,1,,7,2,,,,,,825426962.1,11189233.38,11189233.38
2,3,31714,12319,11757,287,3881,2931,2,,8,2,,# of clusters,2,,,956791290.2,14073209.63,14073209.63
2,3,21217,6208,14982,3095,6707,602,2,,9,2,,,,,,992132815.4,194749580.2,194749580.2
2,3,24653,9465,12091,294,5058,2168,2,,10,2,,Minkowski p,2,,,1066635085,66807195.52,66807195.52
1,3,10253,1114,3821,397,964,412,1,,11,2,,,,,,630972526.2,59189949.3,59189949.3
2,3,1020,8816,12121,134,4508,1080,2,,12,1,,# of runs,40,,,71086795.14,649426651.1,71086795.14
1,3,5876,6157,2933,839,370,4478,1,,13,2,,,,,,259565742.4,248515248.4,248515248.4
2,3,18601,6327,10099,2205,2767,3181,2,,14,1,,# of iter,200,,,165846954.1,333361670.4,165846954.1
1,3,7780,2495,9464,669,2518,501,1,,15,2,,,,,,786429158.2,43593861.44,43593861.44
2,3,17546,4519,4602,1066,2259,2124,2,,16,2,,Converge,TRUE,,,1229419680,91695842.38,91695842.38
1,3,5567,871,2010,3383,375,569,2,,17,2,,,,,,996228573.9,55492311.27,55492311.27
1,3,31276,1917,4469,9408,2381,4334,2,,18,2,,Error,1.14436E+11,,,320749720.2,132028197.8,132028197.8
2,3,26373,36423,22019,5154,4337,16523,2,,19,2,,,,,,846982984.2,14428589.6,14428589.6
2,3,22647,9776,13792,2915,4482,5778,1,,20,2,,,,,,410858638.3,108349928.1,108349928.1
2,3,16165,4230,7595,201,4003,57,1,,21,2,,,,,,1050644407,61711854.91,61711854.91
1,3,9898,961,2861,3151,242,833,2,,22,1,,,,,,137040848,631641482.7,137040848
1,3,14276,803,3045,485,100,518,2,,23,1,,,,,,1218537960,1810733754,1218537960
2,3,4113,20484,25957,1158,8604,5206,2,,24,1,,,,,,222988330,313332250.5,222988330
1,3,43088,2100,2609,1200,1107,823,2,,25,2,,,,,,445892879,75142428.2,75142428.2
1,3,18815,3610,11107,1148,2134,2963,2,,26,2,,,,,,798515925.1,51238740.47,51238740.47
1,3,2612,4339,3133,2088,820,985,1,,27,2,,,,,,619508821.4,91209377.47,91209377.47
1,3,21632,1318,2886,266,918,405,1,,28,2,,,,,,1430395837,651077526.7,651077526.7
1,3,29729,4786,7326,6130,361,1083,2,,29,1,,,,,,205633907.3,1274958180,205633907.3
1,3,1502,1979,2262,425,483,395,1,,30,2,,,,,,348214194.4,144669975.1,144669975.1
2,3,688,5491,11091,833,4239,436,1,,31,2,,,,,,1178535065,53672206.04,53672206.04
1,3,29955,4362,5428,1729,862,4626,2,,32,2,,,,,,355059226,232866788.5,232866788.5
2,3,15168,10556,12477,1920,6506,714,1,,33,1,,,,,,71553830.09,496032838.1,71553830.09
2,3,4591,15729,16709,33,6956,433,1,,34,2,,,,,,1313921273,89278021.03,89278021.03
1,3,56159,555,902,10002,212,2916,2,,35,2,,,,,,1255352415,70031053.41,70031053.41
1,3,24025,4332,4757,9510,1145,5864,1,,36,1,,,,,,128499513.7,516108130.4,128499513.7
1,3,19176,3065,5956,2033,2575,2802,2,,37,2,,,,,,448929583.9,120148576.6,120148576.6
2,3,10850,7555,14961,188,6899,46,1,,38,2,,,,,,1086103013,230328767.7,230328767.7
2,3,630,11095,23998,787,9529,72,2,,39,1,,,,,,628774177.1,2462936335,628774177.1
2,3,9670,7027,10471,541,4618,65,1,,40,1,,,,,,234385592.6,354027484.1,234385592.6
2,3,5181,22044,21531,1740,7353,4985,1,,41,2,,,,,,351735645.1,141389641.5,141389641.5
2,3,3103,14069,21955,1668,6792,1452,1,,42,2,,,,,,683010822.8,90990997.58,90990997.58
2,3,44466,54259,55571,7782,24171,6465,2,,43,2,,,,,,1473643787,406978946.7,406978946.7
2,3,11519,6152,10868,584,5121,1476,1,,44,2,,,,,,706219684,22046262.12,22046262.12
2,3,4967,21412,28921,1798,13583,1163,1,,45,2,,,,,,1262055617,534658880.8,534658880.8
1,3,6269,1095,1980,3860,609,2162,1,,46,2,,,,,,1238683625,329093232.3,329093232.3
1,3,3347,4051,6996,239,1538,301,2,,47,1,,,,,,4624115559,6578225207,4624115559
2,3,40721,3916,5876,532,2587,1278,1,,48,2,,,,,,623473698.9,35862006.33,35862006.33
2,3,491,10473,11532,744,5611,224,1,,49,2,,,,,,1549361824,847422942.2,847422942.2
1,3,27329,1449,1947,2436,204,1333,2,,50,2,,,,,,1006426042,61670552.65,61670552.65
1,3,5264,3683,5005,1057,2024,1130,1,,51,2,,,,,,1109330531,29435507.86,29435507.86
2,3,4098,29892,26866,2616,17740,1340,2,,52,1,,,,,,116553748.2,1084955823,116553748.2
2,3,5417,9933,10487,38,7572,1282,1,,53,2,,,,,,1260988468,110367084.2,110367084.2
1,3,13779,1970,1648,596,227,436,2,,54,1,,,,,,226202550.2,430027126.3,226202550.2
1,3,6137,5360,8040,129,3084,1603,1,,55,2,,,,,,1002123601,19695823.61,19695823.61
2,3,8590,3045,7854,96,4095,225,1,,56,2,,,,,,1903894206,1223851194,1223851194
2,3,35942,38369,59598,3254,26701,2017,1,,57,2,,,,,,963702770.8,67742226.02,67742226.02
2,3,7823,6245,6544,4154,4074,964,1,,58,2,,,,,,642039450.3,89690125.32,89690125.32
2,3,9396,11601,15775,2896,7677,1295,2,,59,2,,,,,,921693400.2,11711967.11,11711967.11
1,3,4760,1227,3250,3724,1247,1145,2,,60,2,,,,,,808852997.4,12198708.86,12198708.86
2,3,85,20959,45828,36,24231,1423,1,,61,1,,,,,,3837895315,5171637174,3837895315
1,3,9,1534,7417,175,3468,27,1,,62,2,,,,,,793275310,7357188.764,7357188.764
2,3,19913,6759,13462,1256,5141,834,1,,63,2,,,,,,747010137.3,136691620.3,136691620.3
1,3,2446,7260,3993,5870,788,3095,1,,64,2,,,,,,1069586562,49215860.14,49215860.14
1,3,8352,2820,1293,779,656,144,2,,65,2,,,,,,3134110083,2242296072,2242296072
1,3,16705,2037,3202,10643,116,1365,2,,66,2,,,,,,1364712096,81496261.73,81496261.73
1,3,18291,1266,21042,5373,4173,14472,1,,67,2,,,,,,289872459.6,188657721,188657721
1,3,4420,5139,2661,8872,1321,181,2,,68,2,,,,,,1146035225,72488775.07,72488775.07
2,3,19899,5332,8713,8132,764,648,2,,69,2,,,,,,895959176.4,52398436.52,52398436.52
2,3,8190,6343,9794,1285,1901,1780,1,,70,2,,,,,,483775816.4,181318881.5,181318881.5
1,3,20398,1137,3,4407,3,975,2,,71,2,,,,,,687359134.4,524175281.5,524175281.5
1,3,717,3587,6532,7530,529,894,2,,72,2,,,,,,1046487074,79265810.53,79265810.53
2,3,12205,12697,28540,869,12034,1009,1,,73,2,,,,,,268392319.1,181341761.2,181341761.2
1,3,10766,1175,2067,2096,301,167,2,,74,2,,,,,,781866591,12178732.89,12178732.89
1,3,1640,3259,3655,868,1202,1653,1,,75,2,,,,,,416027681.7,241045533.7,241045533.7
1,3,7005,829,3009,430,610,529,2,,76,2,,,,,,1260403912,87161516.85,87161516.85
2,3,219,9540,14403,283,7818,156,1,,77,2,,,,,,994349076.7,604108737.9,604108737.9
2,3,10362,9232,11009,737,3537,2342,2,,78,2,,,,,,771019193,60463510.11,60463510.11
1,3,20874,1563,1783,2320,550,772,2,,79,2,,,,,,1260766374,66339137.02,66339137.02
2,3,11867,3327,4814,1178,3837,120,1,,80,2,,,,,,977698593.5,49581268.58,49581268.58
2,3,16117,46197,92780,1026,40827,2944,2,,81,2,,,,,,1316336673,155347369.8,155347369.8
2,3,22925,73498,32114,987,20070,903,2,,82,2,,,,,,666126602.6,43714493.19,43714493.19
1,3,43265,5025,8117,6312,1579,14351,1,,83,2,,,,,,371037926.9,219421590,219421590
1,3,7864,542,4042,9735,165,46,1,,84,2,,,,,,651519202.2,28849498.2,28849498.2
1,3,24904,3836,5330,3443,454,3178,1,,85,1,,,,,,9986996784,10470537941,9986996784
1,3,11405,596,1638,3347,69,360,1,,86,1,,,,,,5047890447,5800536410,5047890447
1,3,12754,2762,2530,8693,627,1117,2,,87,1,,,,,,294767439.8,1471040413,294767439.8
2,3,9198,27472,32034,3232,18906,5130,1,,88,2,,,,,,896922276,93175534.93,93175534.93
1,3,11314,3090,2062,35009,71,2698,1,,89,1,,,,,,192967337.1,311492518.7,192967337.1
2,3,5626,12220,11323,206,5038,244,2,,90,2,,,,,,749238662.6,76224991.33,76224991.33
1,3,3,2920,6252,440,223,709,2,,91,2,,,,,,631129607.6,98738502.7,98738502.7
2,3,23,2616,8118,145,3874,217,2,,92,2,,,,,,1771343475,1384402749,1384402749
1,3,403,254,610,774,54,63,1,,93,2,,,,,,1520442229,1118211601,1118211601
1,3,503,112,778,895,56,132,1,,94,2,,,,,,938489178.5,79749666.25,79749666.25
1,3,9658,2182,1909,5639,215,323,1,,95,2,,,,,,1357416955,81165960.71,81165960.71
2,3,11594,7779,12144,3252,8035,3029,1,,96,2,,,,,,1345031000,75801007.52,75801007.52
2,3,1420,10810,16267,1593,6766,1838,1,,97,2,,,,,,1446093256,139415691.1,139415691.1
2,3,2932,6459,7677,2561,4573,1386,1,,98,2,,,,,,1437150279,136630290,136630290
1,3,56082,3504,8906,18028,1480,2498,2,,99,2,,,,,,795843099,60477832.67,60477832.67
1,3,14100,2132,3445,1336,1491,548,2,,100,2,,,,,,618549219.8,78013179.15,78013179.15
1,3,15587,1014,3970,910,139,1378,2,,101,2,,,,,,1233253920,170118062.6,170118062.6
2,3,1454,6337,10704,133,6830,1831,2,,102,2,,,,,,1090556674,31570712.14,31570712.14
2,3,8797,10646,14886,2471,8969,1438,2,,103,1,,,,,,607984463.5,2572629114,607984463.5
2,3,1531,8397,6981,247,2505,1236,1,,104,2,,,,,,584541436.1,67376803.95,67376803.95
2,3,1406,16729,28986,673,836,3,2,,105,2,,,,,,546063647.8,100216981.2,100216981.2
1,3,11818,1648,1694,2276,169,1647,1,,106,2,,,,,,1221255452,77993016.31,77993016.31
2,3,12579,11114,17569,805,6457,1519,2,,107,2,,,,,,784118995.1,124317585.5,124317585.5
1,3,19046,2770,2469,8853,483,2708,1,,108,2,,,,,,1200126550,58578865.37,58578865.37
1,3,14438,2295,1733,3220,585,1561,2,,109,2,,,,,,1593096640,644443814.9,644443814.9
1,3,18044,1080,2000,2555,118,1266,1,,110,2,,,,,,720800686.2,71497810.56,71497810.56
1,3,11134,793,2988,2715,276,610,1,,111,2,,,,,,622325814.4,175942355,175942355
1,3,11173,2521,3355,1517,310,222,1,,112,2,,,,,,394083346.3,208354536.2,208354536.2
1,3,6990,3880,5380,1647,319,1160,2,,113,2,,,,,,584237961.4,92307766.46,92307766.46
1,3,20049,1891,2362,5343,411,933,2,,114,2,,,,,,466876821,158590308.2,158590308.2
1,3,8258,2344,2147,3896,266,635,2,,115,2,,,,,,740590863.5,57002965.13,57002965.13
1,3,17160,1200,3412,2417,174,1136,1,,116,2,,,,,,716191880.1,42412545.35,42412545.35
1,3,4020,3234,1498,2395,264,255,1,,117,2,,,,,,894988863.7,15701971.07,15701971.07
1,3,12212,201,245,1991,25,860,2,,118,2,,,,,,366044853,199230610.9,199230610.9
2,3,11170,10769,8814,2194,1976,143,1,,119,2,,,,,,869510681.4,46141366.34,46141366.34
1,3,36050,1642,2961,4787,500,1621,2,,120,2,,,,,,475233156,126276252.1,126276252.1
1,3,76237,3473,7102,16538,778,918,1,,121,2,,,,,,1126263479,62271261,62271261
1,3,19219,1840,1658,8195,349,483,2,,122,2,,,,,,755716715.1,104974351.4,104974351.4
2,3,21465,7243,10685,880,2386,2749,2,,123,2,,,,,,610243391.6,44722268.26,44722268.26
1,3,140,8847,3823,142,1062,3,1,,124,1,,,,,,128293057.8,837351342.2,128293057.8
1,3,42312,926,1510,1718,410,1819,1,,125,1,,,,,,1821561854,4871183591,1821561854
1,3,7149,2428,699,6316,395,911,2,,126,2,,,,,,406160739.5,211997311.2,211997311.2
1,3,2101,589,314,346,70,310,1,,127,2,,,,,,238522727.6,207882570.3,207882570.3
1,3,14903,2032,2479,576,955,328,1,,128,2,,,,,,1329820734,97031574.18,97031574.18
1,3,9434,1042,1235,436,256,396,2,,129,1,,,,,,231786370.5,1246061430,231786370.5
1,3,7388,1882,2174,720,47,537,2,,130,2,,,,,,948776002.2,76318992.37,76318992.37
1,3,6300,1289,2591,1170,199,326,1,,131,2,,,,,,1334934719,119413209.4,119413209.4
1,3,4625,8579,7030,4575,2447,1542,2,,132,2,,,,,,576740523.4,91285059.59,91285059.59
1,3,3087,8080,8282,661,721,36,1,,133,2,,,,,,872749242,69978416.43,69978416.43
1,3,13537,4257,5034,155,249,3271,2,,134,2,,,,,,951388161.7,51068926.71,51068926.71
1,3,5387,4979,3343,825,637,929,2,,135,2,,,,,,1010287975,50943780.2,50943780.2
1,3,17623,4280,7305,2279,960,2616,2,,136,2,,,,,,965236761.9,29922868.87,29922868.87
1,3,30379,13252,5189,321,51,1450,2,,137,2,,,,,,1089095816,40649072.31,40649072.31
1,3,37036,7152,8253,2995,20,3,2,,138,2,,,,,,591605957.4,61499915.81,61499915.81
1,3,10405,1596,1096,8425,399,318,2,,139,2,,,,,,1008400813,32718009.26,32718009.26
1,3,18827,3677,1988,118,516,201,2,,140,2,,,,,,380960506.6,105266158.3,105266158.3
2,3,22039,8384,34792,42,12591,4430,1,,141,1,,,,,,113927556.8,589980215.2,113927556.8
1,3,7769,1936,2177,926,73,520,1,,142,1,,,,,,33147857.84,860031158,33147857.84
1,3,9203,3373,2707,1286,1082,526,2,,143,2,,,,,,783457779.8,101595125.5,101595125.5
1,3,5924,584,542,4052,283,434,1,,144,2,,,,,,424788024.2,162856685.9,162856685.9
1,3,31812,1433,1651,800,113,1440,1,,145,1,,,,,,931550595.7,1072489732,931550595.7
1,3,16225,1825,1765,853,170,1067,2,,146,2,,,,,,926825659.8,49567733.69,49567733.69
1,3,1289,3328,2022,531,255,1774,2,,147,2,,,,,,812934560.6,32992868.9,32992868.9
1,3,18840,1371,3135,3001,352,184,1,,148,2,,,,,,1057814441,83038086.74,83038086.74
1,3,3463,9250,2368,779,302,1627,1,,149,1,,,,,,195896183.1,631201899.5,195896183.1
1,3,622,55,137,75,7,8,1,,150,2,,,,,,540743353.3,124200984.4,124200984.4
2,3,1989,10690,19460,233,11577,2153,1,,151,2,,,,,,1316727035,91649855.12,91649855.12
2,3,3830,5291,14855,317,6694,3182,1,,152,2,,,,,,411276742.7,159219507.2,159219507.2
1,3,17773,1366,2474,3378,811,418,2,,153,2,,,,,,1125662061,75755937.96,75755937.96
2,3,2861,6570,9618,930,4004,1682,2,,154,2,,,,,,1452682324,148077248.9,148077248.9
2,3,355,7704,14682,398,8077,303,2,,155,2,,,,,,1318994514,293786797.8,293786797.8
2,3,1725,3651,12822,824,4424,2157,1,,156,2,,,,,,1096959133,99859147.75,99859147.75
1,3,12434,540,283,1092,3,2233,2,,157,2,,,,,,453322862.1,141936510.4,141936510.4
1,3,15177,2024,3810,2665,232,610,2,,158,2,,,,,,1102665823,38632074.79,38632074.79
2,3,5531,15726,26870,2367,13726,446,2,,159,2,,,,,,1313660041,146592522.7,146592522.7
2,3,5224,7603,8584,2540,3674,238,2,,160,2,,,,,,1213279022,78512175.3,78512175.3
2,3,15615,12653,19858,4425,7108,2379,1,,161,2,,,,,,751728359.6,109216193.9,109216193.9
2,3,4822,6721,9170,993,4973,3637,2,,162,2,,,,,,529946046,83467172.77,83467172.77
1,3,2926,3195,3268,405,1680,693,1,,163,2,,,,,,1337320150,609631415,609631415
1,3,5809,735,803,1393,79,429,1,,164,2,,,,,,933428671.9,15196674.59,15196674.59
1,3,5414,717,2155,2399,69,750,1,,165,2,,,,,,519067100.4,294652780.9,294652780.9
2,3,260,8675,13430,1116,7015,323,2,,166,2,,,,,,991594895.8,34717891.35,34717891.35
2,3,200,25862,19816,651,8773,6250,2,,167,2,,,,,,1183436451,53305086.22,53305086.22
1,3,955,5479,6536,333,2840,707,2,,168,2,,,,,,1077894562,78435897.99,78435897.99
2,3,514,7677,19805,937,9836,716,1,,169,2,,,,,,1069014219,63288192.01,63288192.01
1,3,286,1208,5241,2515,153,1442,1,,170,2,,,,,,1290486991,125236097.3,125236097.3
2,3,2343,7845,11874,52,4196,1697,2,,171,2,,,,,,1703007839,717237360.9,717237360.9
1,3,45640,6958,6536,7368,1532,230,2,,172,2,,,,,,1255440893,54940908.1,54940908.1
1,3,12759,7330,4533,1752,20,2631,1,,173,2,,,,,,1388670769,263390577.7,263390577.7
1,3,11002,7075,4945,1152,120,395,2,,174,2,,,,,,1353542874,88658367.27,88658367.27
1,3,3157,4888,2500,4477,273,2165,1,,175,2,,,,,,1143552729,67941770.14,67941770.14
1,3,12356,6036,8887,402,1382,2794,2,,176,1,,,,,,128717477.7,1451882994,128717477.7
1,3,112151,29627,18148,16745,4948,8550,1,,177,2,,,,,,588845399.9,52727638.43,52727638.43
1,3,694,8533,10518,443,6907,156,2,,178,2,,,,,,666730810.3,29413096.04,29413096.04
1,3,36847,43950,20170,36534,239,47943,1,,179,2,,,,,,1138374502,63616008.2,63616008.2
1,3,327,918,4710,74,334,11,2,,180,2,,,,,,592265911,36595004.5,36595004.5
1,3,8170,6448,1139,2181,58,247,2,,181,1,,,,,,6538774917,11854553113,6538774917
1,3,3009,521,854,3470,949,727,2,,182,2,,,,,,1257651906,93274837.19,93274837.19
1,3,2438,8002,9819,6269,3459,3,2,,183,1,,,,,,4494464395,5966407265,4494464395
2,3,8040,7639,11687,2758,6839,404,2,,184,2,,,,,,1383450881,95923221.14,95923221.14
2,3,834,11577,11522,275,4027,1856,2,,185,2,,,,,,862388103.4,50772075.6,50772075.6
1,3,16936,6250,1981,7332,118,64,2,,186,2,,,,,,1233672427,95404479.25,95404479.25
1,3,13624,295,1381,890,43,84,2,,187,2,,,,,,1089462980,58205072.09,58205072.09
1,3,5509,1461,2251,547,187,409,2,,188,2,,,,,,783105707.9,39451579.62,39451579.62
2,3,180,3485,20292,959,5618,666,1,,189,2,,,,,,1243474098,117383130.7,117383130.7
1,3,7107,1012,2974,806,355,1142,2,,190,2,,,,,,430288047.1,144210341.6,144210341.6
1,3,17023,5139,5230,7888,330,1755,1,,191,2,,,,,,679044652.7,104338527.7,104338527.7
1,1,30624,7209,4897,18711,763,2876,1,,192,2,,,,,,1066651466,58492045.42,58492045.42
2,1,2427,7097,10391,1127,4314,1468,2,,193,2,,,,,,1413759611,235860341,235860341
1,1,11686,2154,6824,3527,592,697,2,,194,2,,,,,,967164265.6,49012163.65,49012163.65
1,1,9670,2280,2112,520,402,347,2,,195,2,,,,,,394970570.2,126657243.3,126657243.3
2,1,3067,13240,23127,3941,9959,731,1,,196,1,,,,,,220824689.8,802035046.7,220824689.8
2,1,4484,14399,24708,3549,14235,1681,2,,197,2,,,,,,1125689961,48370253.16,48370253.16
1,1,25203,11487,9490,5065,284,6854,1,,198,2,,,,,,643585763.9,30282442.86,30282442.86
1,1,583,685,2216,469,954,18,1,,199,2,,,,,,824089243.8,50729591.31,50729591.31
1,1,1956,891,5226,1383,5,1328,1,,200,2,,,,,,1278996651,385203479.7,385203479.7
2,1,1107,11711,23596,955,9265,710,2,,201,2,,,,,,1325052985,525533677.1,525533677.1
1,1,6373,780,950,878,288,285,2,,202,1,,,,,,164581345.3,402720873.1,164581345.3
2,1,2541,4737,6089,2946,5316,120,1,,203,2,,,,,,1396223146,109916691.3,109916691.3
1,1,1537,3748,5838,1859,3381,806,1,,204,2,,,,,,1255315389,70310228.29,70310228.29
2,1,5550,12729,16767,864,12420,797,1,,205,2,,,,,,1427419092,391393602.4,391393602.4
1,1,18567,1895,1393,1801,244,2100,2,,206,2,,,,,,1045495512,74175799.92,74175799.92
2,1,12119,28326,39694,4736,19410,2870,1,,207,2,,,,,,1138813800,37503445.68,37503445.68
1,1,7291,1012,2062,1291,240,1775,1,,208,2,,,,,,1222418278,47015832.78,47015832.78
1,1,3317,6602,6861,1329,3961,1215,2,,209,2,,,,,,1064650823,242901257.4,242901257.4
2,1,2362,6551,11364,913,5957,791,1,,210,2,,,,,,454987559.4,173177189.5,173177189.5
1,1,2806,10765,15538,1374,5828,2388,2,,211,2,,,,,,2039944566,1876019321,1876019321
2,1,2532,16599,36486,179,13308,674,1,,212,2,,,,,,968265221.3,58935952.46,58935952.46
1,1,18044,1475,2046,2532,130,1158,1,,213,2,,,,,,1078927454,27895385.33,27895385.33
2,1,18,7504,15205,1285,4797,6372,2,,214,2,,,,,,1141989731,60287514.33,60287514.33
1,1,4155,367,1390,2306,86,130,2,,215,2,,,,,,1130957711,137624653.7,137624653.7
1,1,14755,899,1382,1765,56,749,2,,216,2,,,,,,1961453445,1113250444,1113250444
1,1,5396,7503,10646,91,4167,239,1,,217,2,,,,,,459455145.8,154701687.1,154701687.1
1,1,5041,1115,2856,7496,256,375,2,,218,2,,,,,,1350519487,172781648.2,172781648.2
2,1,2790,2527,5265,5612,788,1360,2,,219,2,,,,,,1165627959,82633938.32,82633938.32
1,1,7274,659,1499,784,70,659,2,,220,2,,,,,,611765146.2,111439996,111439996
1,1,12680,3243,4157,660,761,786,2,,221,2,,,,,,946640334,29172691.64,29172691.64
2,1,20782,5921,9212,1759,2568,1553,1,,222,2,,,,,,1056778828,78504463.36,78504463.36
1,1,4042,2204,1563,2286,263,689,1,,223,2,,,,,,1145318291,54361942.76,54361942.76
1,1,1869,577,572,950,4762,203,1,,224,2,,,,,,988723357.8,68158442.76,68158442.76
1,1,8656,2746,2501,6845,694,980,1,,225,2,,,,,,632908707.4,45992615.63,45992615.63
2,1,11072,5989,5615,8321,955,2137,2,,226,2,,,,,,252597609.8,171594523.8,171594523.8
1,1,2344,10678,3828,1439,1566,490,2,,227,2,,,,,,1139049055,66753264.17,66753264.17
1,1,25962,1780,3838,638,284,834,2,,228,2,,,,,,1333612642,112052133.1,112052133.1
1,1,964,4984,3316,937,409,7,1,,229,2,,,,,,828793122.6,56280040.12,56280040.12
1,1,15603,2703,3833,4260,325,2563,2,,230,2,,,,,,638662570.5,56518588.18,56518588.18
1,1,1838,6380,2824,1218,1216,295,2,,231,2,,,,,,1163983575,78695171.21,78695171.21
1,1,8635,820,3047,2312,415,225,2,,232,1,,,,,,232923589,360893031.9,232923589
1,1,18692,3838,593,4634,28,1215,2,,233,2,,,,,,1292790036,74863154.92,74863154.92
1,1,7363,475,585,1112,72,216,1,,234,2,,,,,,499016757,94696692.05,94696692.05
1,1,47493,2567,3779,5243,828,2253,2,,235,2,,,,,,1223455461,65323622.8,65323622.8
1,1,22096,3575,7041,11422,343,2564,1,,236,2,,,,,,868931710.4,45431653.19,45431653.19
1,1,24929,1801,2475,2216,412,1047,1,,237,2,,,,,,419811924,179856171,179856171
1,1,18226,659,2914,3752,586,578,2,,238,2,,,,,,1000008601,80192741.43,80192741.43
1,1,11210,3576,5119,561,1682,2398,1,,239,1,,,,,,248597742.2,1602684959,248597742.2
1,1,6202,7775,10817,1183,3143,1970,1,,240,1,,,,,,261105978.8,296079758.3,261105978.8
2,1,3062,6154,13916,230,8933,2784,1,,241,1,,,,,,256612575.6,332905848.3,256612575.6
1,1,8885,2428,1777,1777,430,610,2,,242,2,,,,,,441841263.7,154574965.8,154574965.8
1,1,13569,346,489,2077,44,659,2,,243,2,,,,,,689960533.1,29927192.18,29927192.18
1,1,15671,5279,2406,559,562,572,2,,244,2,,,,,,887653935.9,26362588.01,26362588.01
1,1,8040,3795,2070,6340,918,291,1,,245,2,,,,,,1152469759,115025781.8,115025781.8
1,1,3191,1993,1799,1730,234,710,2,,246,2,,,,,,855363393.9,48279153.33,48279153.33
2,1,6134,23133,33586,6746,18594,5121,1,,247,2,,,,,,685895204.2,113031761.7,113031761.7
1,1,6623,1860,4740,7683,205,1693,2,,248,2,,,,,,511081463,95634954.14,95634954.14
1,1,29526,7961,16966,432,363,1391,1,,249,2,,,,,,854012658.1,50426032.99,50426032.99
1,1,10379,17972,4748,4686,1547,3265,1,,250,2,,,,,,1197325432,73334999.06,73334999.06
1,1,31614,489,1495,3242,111,615,2,,251,2,,,,,,1853700368,1297069894,1297069894
1,1,11092,5008,5249,453,392,373,2,,252,2,,,,,,930009819.8,57237112.97,57237112.97
1,1,8475,1931,1883,5004,3593,987,2,,253,1,,,,,,125666093.6,575678015.9,125666093.6
1,1,56083,4563,2124,6422,730,3321,1,,254,2,,,,,,744733966.3,195669906.3,195669906.3
1,1,53205,4959,7336,3012,967,818,2,,255,1,,,,,,192863298.5,627558514.1,192863298.5
1,1,9193,4885,2157,327,780,548,2,,256,2,,,,,,679951975.3,25682024.36,25682024.36
1,1,7858,1110,1094,6818,49,287,1,,257,2,,,,,,857702026,50360389.07,50360389.07
1,1,23257,1372,1677,982,429,655,2,,258,1,,,,,,535736035.1,2379273007,535736035.1
1,1,2153,1115,6684,4324,2894,411,2,,259,1,,,,,,363226218.4,2054339014,363226218.4
2,1,1073,9679,15445,61,5980,1265,1,,260,2,,,,,,817961704.2,39951408.23,39951408.23
1,1,5909,23527,13699,10155,830,3636,2,,261,2,,,,,,923400670.5,84532336.8,84532336.8
2,1,572,9763,22182,2221,4882,2563,1,,262,2,,,,,,325681233.8,292073600.1,292073600.1
1,1,20893,1222,2576,3975,737,3628,2,,263,2,,,,,,1194160244,53847819.65,53847819.65
2,1,11908,8053,19847,1069,6374,698,1,,264,2,,,,,,1256331057,147348738,147348738
1,1,15218,258,1138,2516,333,204,1,,265,2,,,,,,1108671159,456306115.5,456306115.5
1,1,4720,1032,975,5500,197,56,2,,266,2,,,,,,1381591740,300716810.1,300716810.1
1,1,2083,5007,1563,1120,147,1550,1,,267,2,,,,,,363808112.9,227882097.3,227882097.3
1,1,514,8323,6869,529,93,1040,1,,268,2,,,,,,685759177.4,190622204.9,190622204.9
1,3,36817,3045,1493,4802,210,1824,2,,269,2,,,,,,600221659.1,124354645.8,124354645.8
1,3,894,1703,1841,744,759,1153,2,,270,2,,,,,,1109533849,86458418.64,86458418.64
1,3,680,1610,223,862,96,379,2,,271,2,,,,,,1246289621,81611301.58,81611301.58
1,3,27901,3749,6964,4479,603,2503,1,,272,2,,,,,,1275000573,78253676.95,78253676.95
1,3,9061,829,683,16919,621,139,2,,273,1,,,,,,135738288,891043454,135738288
1,3,11693,2317,2543,5845,274,1409,2,,274,2,,,,,,1362879066,102619250.2,102619250.2
2,3,17360,6200,9694,1293,3620,1721,2,,275,2,,,,,,1410097657,129031021.9,129031021.9
1,3,3366,2884,2431,977,167,1104,1,,276,1,,,,,,116564592.4,416416928,116564592.4
2,3,12238,7108,6235,1093,2328,2079,2,,277,2,,,,,,977319873.7,280104531.4,280104531.4
1,3,49063,3965,4252,5970,1041,1404,2,,278,2,,,,,,684217319.2,67042987.36,67042987.36
1,3,25767,3613,2013,10303,314,1384,2,,279,2,,,,,,367064316,99630797.69,99630797.69
1,3,68951,4411,12609,8692,751,2406,2,,280,2,,,,,,1171844948,62825275.88,62825275.88
1,3,40254,640,3600,1042,436,18,1,,281,2,,,,,,592761190.8,30684327.1,30684327.1
1,3,7149,2247,1242,1619,1226,128,1,,282,1,,,,,,260369648.4,1721403977,260369648.4
1,3,15354,2102,2828,8366,386,1027,2,,283,1,,,,,,220610387.6,420445298.8,220610387.6
1,3,16260,594,1296,848,445,258,1,,284,1,,,,,,1172258378,3798402220,1172258378
1,3,42786,286,471,1388,32,22,2,,285,1,,,,,,183437300.2,1088522956,183437300.2
1,3,2708,2160,2642,502,965,1522,1,,286,2,,,,,,960294170.2,52083906.45,52083906.45
1,3,6022,3354,3261,2507,212,686,1,,287,2,,,,,,524527284.7,128253102.5,128253102.5
1,3,2838,3086,4329,3838,825,1060,1,,288,2,,,,,,565657915.5,137625709.1,137625709.1
2,2,3996,11103,12469,902,5952,741,2,,289,1,,,,,,271389046.9,1297599003,271389046.9
1,2,21273,2013,6550,909,811,1854,1,,290,2,,,,,,1224022718,70025854.25,70025854.25
2,2,7588,1897,5234,417,2208,254,2,,291,2,,,,,,974823591.2,32663521.97,32663521.97
1,2,19087,1304,3643,3045,710,898,1,,292,2,,,,,,1150362467,47581590.01,47581590.01
2,2,8090,3199,6986,1455,3712,531,2,,293,2,,,,,,1033915877,87933081.37,87933081.37
2,2,6758,4560,9965,934,4538,1037,2,,294,2,,,,,,309080036.8,198934953.7,198934953.7
1,2,444,879,2060,264,290,259,2,,295,2,,,,,,894887471.8,20738075.81,20738075.81
2,2,16448,6243,6360,824,2662,2005,2,,296,2,,,,,,395933385,160107915.4,160107915.4
2,2,5283,13316,20399,1809,8752,172,1,,297,2,,,,,,823054829,6151679.936,6151679.936
2,2,2886,5302,9785,364,6236,555,1,,298,2,,,,,,879354553.5,13881994.1,13881994.1
2,2,2599,3688,13829,492,10069,59,2,,299,2,,,,,,1410730308,115899187.1,115899187.1
2,2,161,7460,24773,617,11783,2410,1,,300,2,,,,,,421715148.7,81972169.22,81972169.22
2,2,243,12939,8852,799,3909,211,1,,301,2,,,,,,1078175383,274375496.3,274375496.3
2,2,6468,12867,21570,1840,7558,1543,2,,302,2,,,,,,1123723716,46678824.86,46678824.86
1,2,17327,2374,2842,1149,351,925,1,,303,2,,,,,,1208648371,125921487.4,125921487.4
1,2,6987,1020,3007,416,257,656,2,,304,2,,,,,,1572537741,451579336.9,451579336.9
2,2,918,20655,13567,1465,6846,806,1,,305,2,,,,,,1283152059,125650095.3,125650095.3
1,2,7034,1492,2405,12569,299,1117,1,,306,2,,,,,,1019494834,283555207.5,283555207.5
1,2,29635,2335,8280,3046,371,117,2,,307,2,,,,,,469743440.5,126974922,126974922
2,2,2137,3737,19172,1274,17120,142,2,,308,2,,,,,,977553560.2,49953548.76,49953548.76
1,2,9784,925,2405,4447,183,297,1,,309,2,,,,,,1364533726,343767995.8,343767995.8
1,2,10617,1795,7647,1483,857,1233,1,,310,2,,,,,,977597165.7,149895343.2,149895343.2
2,2,1479,14982,11924,662,3891,3508,1,,311,1,,,,,,107316539.7,486046097.9,107316539.7
1,2,7127,1375,2201,2679,83,1059,1,,312,2,,,,,,1446002917,375412628.6,375412628.6
1,2,1182,3088,6114,978,821,1637,2,,313,2,,,,,,804805427.8,58677807.13,58677807.13
1,2,11800,2713,3558,2121,706,51,2,,314,2,,,,,,711769652.1,25011208.66,25011208.66
2,2,9759,25071,17645,1128,12408,1625,2,,315,2,,,,,,1229988965,174442395.1,174442395.1
1,2,1774,3696,2280,514,275,834,2,,316,2,,,,,,955597671.5,52225319.43,52225319.43
1,2,9155,1897,5167,2714,228,1113,1,,317,2,,,,,,1267401367,60965088.28,60965088.28
1,2,15881,713,3315,3703,1470,229,1,,318,2,,,,,,673179427.5,41514851.33,41514851.33
1,2,13360,944,11593,915,1679,573,2,,319,2,,,,,,1073692765,598194943.8,598194943.8
1,2,25977,3587,2464,2369,140,1092,1,,320,2,,,,,,1272870548,78976199.73,78976199.73
1,2,32717,16784,13626,60869,1272,5609,1,,321,2,,,,,,796331704.8,25910396.25,25910396.25
1,2,4414,1610,1431,3498,387,834,1,,322,2,,,,,,517757685.8,104100571.1,104100571.1
1,2,542,899,1664,414,88,522,1,,323,2,,,,,,593507190.3,67767558.15,67767558.15
1,2,16933,2209,3389,7849,210,1534,2,,324,1,,,,,,211837707.3,362454686.4,211837707.3
1,2,5113,1486,4583,5127,492,739,2,,325,1,,,,,,3065034108,4229105980,3065034108
1,2,9790,1786,5109,3570,182,1043,2,,326,2,,,,,,1118147404,69995596.51,69995596.51
2,2,11223,14881,26839,1234,9606,1102,2,,327,2,,,,,,1409739649,119409485.5,119409485.5
1,2,22321,3216,1447,2208,178,2602,1,,328,2,,,,,,454540921.7,144976877.5,144976877.5
2,2,8565,4980,67298,131,38102,1215,2,,329,2,,,,,,1023344195,43182882.17,43182882.17
2,2,16823,928,2743,11559,332,3486,1,,330,2,,,,,,760123908.2,30088310.49,30088310.49
2,2,27082,6817,10790,1365,4111,2139,2,,331,2,,,,,,958488743.7,526453549.2,526453549.2
1,2,13970,1511,1330,650,146,778,1,,332,2,,,,,,322429036.6,261949449.3,261949449.3
1,2,9351,1347,2611,8170,442,868,1,,333,2,,,,,,5262665142,4820034447,4820034447
1,2,3,333,7021,15601,15,550,1,,334,2,,,,,,521576298.1,220624092.3,220624092.3
1,2,2617,1188,5332,9584,573,1942,1,,335,1,,,,,,108637207.9,387517490.4,108637207.9
2,3,381,4025,9670,388,7271,1371,2,,336,2,,,,,,646815156.4,99575583.05,99575583.05
2,3,2320,5763,11238,767,5162,2158,2,,337,2,,,,,,815033601.4,79580152.95,79580152.95
1,3,255,5758,5923,349,4595,1328,1,,338,2,,,,,,1440716474,266595382.1,266595382.1
2,3,1689,6964,26316,1456,15469,37,1,,339,2,,,,,,1188366130,108101859.5,108101859.5
1,3,3043,1172,1763,2234,217,379,1,,340,2,,,,,,1314619622,88446660.94,88446660.94
1,3,1198,2602,8335,402,3843,303,1,,341,2,,,,,,1151314395,58446950.91,58446950.91
2,3,2771,6939,15541,2693,6600,1115,2,,342,2,,,,,,1310850534,71225796.75,71225796.75
2,3,27380,7184,12311,2809,4621,1022,2,,343,2,,,,,,1580279104,554710357.7,554710357.7
1,3,3428,2380,2028,1341,1184,665,2,,344,2,,,,,,1215736870,80232788.23,80232788.23
2,3,5981,14641,20521,2005,12218,445,2,,345,2,,,,,,1259351672,57811460.21,57811460.21
1,3,3521,1099,1997,1796,173,995,1,,346,2,,,,,,1127260370,109121013,109121013
2,3,1210,10044,22294,1741,12638,3137,2,,347,1,,,,,,90878176.61,409425188.8,90878176.61
1,3,608,1106,1533,830,90,195,1,,348,2,,,,,,1172126072,62852327.25,62852327.25
2,3,117,6264,21203,228,8682,1111,2,,349,2,,,,,,1101647980,350447084.1,350447084.1
1,3,14039,7393,2548,6386,1333,2341,2,,350,2,,,,,,1187275648,75223805.54,75223805.54
1,3,190,727,2012,245,184,127,2,,351,2,,,,,,1438401320,392782014.7,392782014.7
1,3,22686,134,218,3157,9,548,1,,352,2,,,,,,1398805030,116481301.2,116481301.2
2,3,37,1275,22272,137,6747,110,2,,353,2,,,,,,1446578311,289210493.1,289210493.1
1,3,759,18664,1660,6114,536,4100,1,,354,2,,,,,,529711373.7,90289002.37,90289002.37
1,3,796,5878,2109,340,232,776,1,,355,2,,,,,,1432755714,122206583.2,122206583.2
1,3,19746,2872,2006,2601,468,503,1,,356,2,,,,,,372033803.5,305255639.9,305255639.9
1,3,4734,607,864,1206,159,405,1,,357,2,,,,,,1515321992,314964010.1,314964010.1
1,3,2121,1601,2453,560,179,712,1,,358,2,,,,,,1381942729,304281103.1,304281103.1
1,3,4627,997,4438,191,1335,314,2,,359,2,,,,,,1323998091,93113912.45,93113912.45
1,3,2615,873,1524,1103,514,468,1,,360,2,,,,,,380016792.8,181357036.1,181357036.1
2,3,4692,6128,8025,1619,4515,3105,2,,361,2,,,,,,1145237998,84465797.88,84465797.88
1,3,9561,2217,1664,1173,222,447,1,,362,2,,,,,,1275445688,83612836.72,83612836.72
1,3,3477,894,534,1457,252,342,1,,363,2,,,,,,1096505338,45430786.46,45430786.46
1,3,22335,1196,2406,2046,101,558,1,,364,2,,,,,,1262252473,90323847.2,90323847.2
1,3,6211,337,683,1089,41,296,2,,365,2,,,,,,995529505.7,24805759.99,24805759.99
2,3,39679,3944,4955,1364,523,2235,1,,366,2,,,,,,831892451.2,54642157.32,54642157.32
1,3,20105,1887,1939,8164,716,790,2,,367,2,,,,,,1222122252,94952424.53,94952424.53
1,3,3884,3801,1641,876,397,4829,2,,368,2,,,,,,330814985.4,257525475.1,257525475.1
2,3,15076,6257,7398,1504,1916,3113,2,,369,2,,,,,,1067012340,83062852.8,83062852.8
1,3,6338,2256,1668,1492,311,686,1,,370,1,,,,,,115196747.8,1027783339,115196747.8
1,3,5841,1450,1162,597,476,70,1,,371,2,,,,,,371269898.9,227571398.3,227571398.3
2,3,3136,8630,13586,5641,4666,1426,1,,372,2,,,,,,1162735394,84982050.04,84982050.04
1,3,38793,3154,2648,1034,96,1242,1,,373,2,,,,,,467740816.2,63890816.06,63890816.06
1,3,3225,3294,1902,282,68,1114,2,,374,2,,,,,,1004732918,53320776.81,53320776.81
2,3,4048,5164,10391,130,813,179,1,,375,2,,,,,,1063652900,67948343.57,67948343.57
1,3,28257,944,2146,3881,600,270,1,,376,2,,,,,,1058043564,86955584.6,86955584.6
1,3,17770,4591,1617,9927,246,532,2,,377,1,,,,,,150287021.7,991645254.7,150287021.7
1,3,34454,7435,8469,2540,1711,2893,2,,378,2,,,,,,1192972767,71286142.3,71286142.3
1,3,1821,1364,3450,4006,397,361,2,,379,2,,,,,,1046594957,33079217.9,33079217.9
1,3,10683,21858,15400,3635,282,5120,1,,380,1,,,,,,203920127.7,466958267.2,203920127.7
1,3,11635,922,1614,2583,192,1068,2,,381,2,,,,,,430807166.9,194623549.5,194623549.5
1,3,1206,3620,2857,1945,353,967,1,,382,1,,,,,,33998723.34,719304949.2,33998723.34
1,3,20918,1916,1573,1960,231,961,2,,383,2,,,,,,1254226522,76849309.25,76849309.25
1,3,9785,848,1172,1677,200,406,1,,384,2,,,,,,830146152,383150136.5,383150136.5
1,3,9385,1530,1422,3019,227,684,1,,385,2,,,,,,738630082.7,74913982.27,74913982.27
1,3,3352,1181,1328,5502,311,1000,2,,386,2,,,,,,1288160770,77018573.63,77018573.63
1,3,2647,2761,2313,907,95,1827,1,,387,2,,,,,,372975517.5,222785831.9,222785831.9
1,3,518,4180,3600,659,122,654,2,,388,2,,,,,,846012036,70327688.2,70327688.2
1,3,23632,6730,3842,8620,385,819,1,,389,2,,,,,,839896088.7,60274218.69,60274218.69
1,3,12377,865,3204,1398,149,452,1,,390,2,,,,,,1186734611,91818786.71,91818786.71
1,3,9602,1316,1263,2921,841,290,1,,391,2,,,,,,1225252447,74426885.17,74426885.17
2,3,4515,11991,9345,2644,3378,2213,1,,392,2,,,,,,1332834149,82722911.9,82722911.9
1,3,11535,1666,1428,6838,64,743,2,,393,1,,,,,,200392363.2,307117062.1,200392363.2
1,3,11442,1032,582,5390,74,247,2,,394,2,,,,,,689554586.7,65620984.7,65620984.7
1,3,9612,577,935,1601,469,375,1,,395,2,,,,,,832333212.1,61162271.36,61162271.36
1,3,4446,906,1238,3576,153,1014,1,,396,2,,,,,,980785749.4,67059822.27,67059822.27
1,3,27167,2801,2128,13223,92,1902,2,,397,2,,,,,,719659646.8,89707283.11,89707283.11
1,3,26539,4753,5091,220,10,340,1,,398,2,,,,,,750729200.2,93861291.37,93861291.37
1,3,25606,11006,4604,127,632,288,2,,399,2,,,,,,863391620,73928027.23,73928027.23
1,3,18073,4613,3444,4324,914,715,1,,400,2,,,,,,1132391066,79345030.4,79345030.4
1,3,6884,1046,1167,2069,593,378,1,,401,1,,,,,,237799396.1,531267322.8,237799396.1
1,3,25066,5010,5026,9806,1092,960,2,,402,1,,,,,,176465813,365834457.9,176465813
2,3,7362,12844,18683,2854,7883,553,1,,403,1,,,,,,176673261.3,366088419.3,176673261.3
2,3,8257,3880,6407,1646,2730,344,1,,404,2,,,,,,381100632.5,127584987.9,127584987.9
1,3,8708,3634,6100,2349,2123,5137,2,,405,2,,,,,,994138846.9,63940249.08,63940249.08
1,3,6633,2096,4563,1389,1860,1892,1,,406,1,,,,,,170900363.5,357523870.8,170900363.5
1,3,2126,3289,3281,1535,235,4365,2,,407,2,,,,,,904626401.9,209470995.5,209470995.5
1,3,97,3605,12400,98,2970,62,2,,408,2,,,,,,807443909.3,3819262.887,3819262.887
1,3,4983,4859,6633,17866,912,2435,1,,409,2,,,,,,809115425.7,31903956.6,31903956.6
1,3,5969,1990,3417,5679,1135,290,2,,410,2,,,,,,946574080.4,25608364.45,25608364.45
2,3,7842,6046,8552,1691,3540,1874,1,,411,2,,,,,,1246541910,82159642.42,82159642.42
2,3,4389,10940,10908,848,6728,993,1,,412,2,,,,,,1326054504,93128347.66,93128347.66
1,3,5065,5499,11055,364,3485,1063,2,,413,2,,,,,,1100777628,255778182.3,255778182.3
2,3,660,8494,18622,133,6740,776,2,,414,2,,,,,,974826435.9,44012567.73,44012567.73
1,3,8861,3783,2223,633,1580,1521,2,,415,2,,,,,,801420352,6456749.283,6456749.283
1,3,4456,5266,13227,25,6818,1393,1,,416,2,,,,,,1011032278,76104945.67,76104945.67
2,3,17063,4847,9053,1031,3415,1784,1,,417,2,,,,,,975553082.8,26753803.84,26753803.84
1,3,26400,1377,4172,830,948,1218,1,,418,2,,,,,,1331654814,208134833.3,208134833.3
2,3,17565,3686,4657,1059,1803,668,2,,419,2,,,,,,841361483.9,38368183.99,38368183.99
2,3,16980,2884,12232,874,3213,249,1,,420,2,,,,,,1042443723,68061656.76,68061656.76
1,3,11243,2408,2593,15348,108,1886,2,,421,2,,,,,,392674195.4,91377093.32,91377093.32
1,3,13134,9347,14316,3141,5079,1894,1,,422,1,,,,,,222517669.2,374507425.4,222517669.2
1,3,31012,16687,5429,15082,439,1163,2,,423,2,,,,,,415400705.5,106846840.2,106846840.2
1,3,3047,5970,4910,2198,850,317,1,,424,2,,,,,,418240735.8,111805745.6,111805745.6
1,3,8607,1750,3580,47,84,2501,2,,425,2,,,,,,784719520.5,219388343.8,219388343.8
1,3,3097,4230,16483,575,241,2080,1,,426,2,,,,,,530850318.2,99611356.4,99611356.4
1,3,8533,5506,5160,13486,1377,1498,1,,427,1,,,,,,176754105.9,836319340.1,176754105.9
1,3,21117,1162,4754,269,1328,395,1,,428,2,,,,,,1111551473,35722359.32,35722359.32
1,3,1982,3218,1493,1541,356,1449,1,,429,2,,,,,,879543560,47600572.03,47600572.03
1,3,16731,3922,7994,688,2371,838,2,,430,2,,,,,,1155396747,119169864.8,119169864.8
1,3,29703,12051,16027,13135,182,2204,1,,431,2,,,,,,818860120.9,131531506.6,131531506.6
1,3,39228,1431,764,4510,93,2346,1,,432,2,,,,,,346176534.4,204897592.1,204897592.1
2,3,14531,15488,30243,437,14841,1867,2,,433,2,,,,,,1267846669,84944424.52,84944424.52
1,3,10290,1981,2232,1038,168,2125,2,,434,2,,,,,,419759204.2,83326524.66,83326524.66
1,3,2787,1698,2510,65,477,52,2,,435,1,,,,,,128116399.2,719271533.3,128116399.2
,,,,,,,,,,436,1,,,,,,189187670.5,1056400280,189187670.5
,,,,,,,,,,437,2,,,,,,1048732989,817176724.5,817176724.5
,,,,,,,,,,438,2,,,,,,794766150.3,57615567.3,57615567.3
,,,,,,,,,,439,2,,,,,,1233169678,75198312.72,75198312.72
